Peak,Assignment1,Assignment2,Assignment3,Assignment4,Assignment5,Assignment6,Assignment7,Assignment8,Assignment9,Assignment10,Reference number
415 $cm^{-1}$,Phosphatidylinositol,,,,,,,,,,-42
418 $cm^{-1}$,Cholesterol,,,,,,,,,,-42
428 $cm^{-1}$,Symmetric stretching vibration of $v_2 PO_4^{3-}$,phosphate of HA,,,,,,,,,-31
429 $cm^{-1}$,"Cholesterol, cholesterol ester",,,,,,,,,,-42
445 $cm^{-1}$,"N-C-S stretch (one of three thiocyanate peaks, with 2095 & 735 cm)",,,,,,,,,,-61
447 $cm^{-1}$,Ring torsion of phenyl(2),,,,,,,,,,-71
454 $cm^{-1}$,Ring torsion of phenyl(2),,,,,,,,,,
477 $cm^{-1}$,"Polysaccharides, amylose","Polysaccharides, amylopectin",,,,,,,,,-39
481 $cm^{-1}$,DNA,,,,,,,,,,-65
484 $cm^{-1}$,Glycogen,,,,,,,,,,-23
490 $cm^{-1}$,Glycogen,,,,,,,,,,-24
505 $cm^{-1}$,C-OH3 torsion of methoxy group(1),,,,,,,,,,-71
508 $cm^{-1}$,C-OH3 torsion of methoxy group(1),,,,,,,,,,
509 $cm^{-1}$,S-S disulfide stretching band of collagen,v(S-S) gauche-gauche-gauche (aminoacid cysteine),,,,,,,,,-31
519 $cm^{-1}$,Phosphatidylinositol,,,,,,,,,,-41
524 $cm^{-1}$,S-S disulfide stretching in proteins,Phosphatidylserine,v(S-S) gauche-gauche-trans (aminoacid cysteine),,,,,,,,"(23, 24)"
538 $cm^{-1}$,Cholesterol ester,,,,,,,,,,-42
540 $cm^{-1}$,v(S-S) trans-gauche-trans (aminoacid cysteine),,,,,,,,,,-39
548 $cm^{-1}$,Cholesterol,,,,,,,,,,-42
540 $cm^{-1}$,Glucose-saccharide band (overlaps with acyl band),,,,,,,,,,-42
573 $cm^{-1}$,"Tryptophan/cytosine, guanine",,,,,,,,,,-23
576 $cm^{-1}$,Phosphatidylinositol,,,,,,,,,,-42
583 $cm^{-1}$,OH out of plane bending (free),,,,,,,,,,-71
586 $cm^{-1}$,OH out of plane bending (free),,,,,,,,,,-71
589 $cm^{-1}$,Symmetric stretching vibration of $v_4 PO_4^{3-}$,Glycerol,phosphate of HA,,,,,,,,-31
596 $cm^{-1}$,Phosphatidylinositol,,,,,,,,,,-42
607 $cm^{-1}$,Glycerol,,,,,,,,,,-42
608 $cm^{-1}$,Cholesterol,,,,,,,,,,-42
614 $cm^{-1}$,Cholesterol ester,,,,,,,,,,-42
618 $cm^{-1}$,C-C twisting (protein),,,,,,,,,,-72
620 $cm^{-1}$,C-C twist aromatic ring (one of C-C vibrations to be expected in aromatic structure of xylene),,,,,,,,,,-66
621 $cm^{-1}$,C-C twisting mode of phenylalanine (proteins),,,,,,,,,,"(23, 24, 73)"
630 $cm^{-1}$,Glycerol,,,,,,,,,,-42
640 $cm^{-1}$,C-S stretching & C-C twisting of proteinstyrosine,,,,,,,,,,-72
643 $cm^{-1}$,C-C twisting mode of tyrosine,,,,,,,,,,"(23, 31)"
645 $cm^{-1}$,C-C twisting mode of phenylalanine (proteins),,,,,,,,,,-73
646 $cm^{-1}$,C-C twisting mode of tyrosine,,,,,,,,,,-31
662 $cm^{-1}$,C-S stretching mode of cystine (collagen type I),,,,,,,,,,"(24, 31)"
666 $cm^{-1}$,"G, T (ring breathing modes in the DNA bases)tyrosine-G backbone in RNA",,,,,,,,,,-72
667 $cm^{-1}$,C-S stretching mode of cystine (collagen type I),"T, G (DNA/RNA)",,,,,,,,,"(24, 31)"
669 $cm^{-1}$,C-S stretching mode of cytosine,,,,,,,,,,-23
669 $cm^{-1}$,"v_7(δ: porphyrin deformation), observed in the spectra of single human RBC",,,,,,,,,,-56
678 $cm^{-1}$,Ring breathing modes in the DNA bases,G (ring breathing modes in the DNA bases)/C-2’-endo-anti,,,,,,,,,-72
702 $cm^{-1}$,"Cholesterol, cholesterol ester",,,,,,,,,,-42
717 $cm^{-1}$,C-N (membrane phospholipids head)/adenine,$CN^{-}(CH_3)_3$ (lipids),Choline group,,,,,,,,-23
718 $cm^{-1}$,C-N (membrane phospholipid head)/nucleotide peak,,,,,,,,,,-24
719 $cm^{-1}$,"Symmetric stretch vibration of choline group N^{+}(CH_3)_3, characteristic for phospholipids","Phosphatidylcholine, sphengomyelin",C-C-N+ symmetric stretching in phosphatidylcholine (lipid assignment),,,,,,,,-42
720 $cm^{-1}$,DNA,,,,,,,,,,-65
722 $cm^{-1}$,DNA,,,,,,,,,,-65
725 $cm^{-1}$,A (ring breathing mode of DNA/RNA bases),,,,,,,,,,-72
726 $cm^{-1}$,"C-S (protein), CH2 rocking, adenine",,,,,,,,,,-23
727 $cm^{-1}$,"C-C stretching, proline (collagen assignment)",,,,,,,,,,-74
729 $cm^{-1}$,A,,,,,,,,,,-73
733 $cm^{-1}$,Phosphatidylserine,,,,,,,,,,-42
735 $cm^{-1}$,"C-S stretch (one of three thiocyanate peaks, with 2095 & 445 cm)",,,,,,,,,,-61
746 $cm^{-1}$,T (ring breathing mode of DNA/RNA bases),,,,,,,,,,-72
748 $cm^{-1}$,DNA,,,,,,,,,,-65
749 $cm^{-1}$,Symmetric breathing of tryptophan (protein assignment),,,,,,,,,,"(17, 24, 31)"
750 $cm^{-1}$,"CH2,6 out-of-plane bending, observed in the spectra of single human RBC",Lactic acid,,,,,,,,,-71
752 $cm^{-1}$,"v_{15} (Porphyrin breathing mode, the most informative about the status of RBC & a direct measure of the heme groups of the hemoglobins)",DNA,,,,,,,,,-56
752 $cm^{-1}$,Symmetric breathing of tryptophan (protein assignment),,,,,,,,,,"(17, 24, 31)"
755 $cm^{-1}$,Symmetric breathing of tryptophan,,,,,,,,,,-23
759 $cm^{-1}$,Tryptophan,Ethanolamine group,Phosphatidylethanolamine,,,,,,,,-23
760 $cm^{-1}$,"Tryptophan, d(ring)",Ring breathing tryptophan (proteins),,,,,,,,,-39
766 $cm^{-1}$,Pyrimidine ring breathing mode,,,,,,,,,,-61
776 $cm^{-1}$,Phosphatidylinositol,,,,,,,,,,-42
780 $cm^{-1}$,Uracil based ring breathing mode,,,,,,,,,,-61
781 $cm^{-1}$,Cytosine/uracil ring breathing (nucleotide),,,,,,,,,,"(23, 24)"
782 $cm^{-1}$,DNA,"Thymine, cytosine, uracil",RNA,"U, T, C (ring breathing modes in the DNA/RNA bases)",,,,,,,"(65, 73)"
784 $cm^{-1}$,Phosphodiester; cytosine,,,,,,,,,,-62
785 $cm^{-1}$,"U, T, C (ring breathing modes in the DNA/RNA bases)",Backbone O-P-O,,,,,,,,,-72
786 $cm^{-1}$,"DNA: O-P-O, cytosine, uracil, thymine",Pyrimidine ring breathing mode,,,,,,,,,-23
787 $cm^{-1}$,Can be taken as a measure for the relative quantity of nucleic acids present,Phosphatidylserine,,,,,,,,,-59
788 $cm^{-1}$,$C'_5 -O-P-O-C'_3$ phosphodiester bands in DNA,DNA,O-P-O stretching DNA,,,,,,,,-73
802 $cm^{-1}$,Uracil-based ring breathing mode,,,,,,,,,,-61
810 $cm^{-1}$,Phosphodiester (Z-marker),,,,,,,,,,-62
811 $cm^{-1}$,O-P-O stretching RNA,,,,,,,,,,-73
812 $cm^{-1}$,Phosphodiester (Z-marker),,,,,,,,,,-62
813 $cm^{-1}$,One of the two most distinct peaks for RNA (with1240 cm-1),,,,,,,,,,-72
813 $cm^{-1}$,C-C stretching (collagen assignment),$C'_5 -O-P-O-C'_3$ phosphodiester bands in RNA,RNA,,,,,,,,-74
815 $cm^{-1}$,"Proline, hydroxyproline, tyrosine, $v_2 PO_2^{-}$ stretch of nucleic acids",,,,,,,,,,-31
817 $cm^{-1}$,C-C stretching (collagen assignment),,,,,,,,,,-74
820 $cm^{-1}$,Protein band,Structural protein modes of tumors,"Proteins, including collagen I",,,,,,,,"(2, 3)"
822 $cm^{-1}$,Phosphodiester,,,,,,,,,,-62
823 $cm^{-1}$,"Out-of-plane ring breathing, tyrosine (protein assignment)",Phosphodiester,,,,,,,,,-17
826 $cm^{-1}$,O-P-O stretch DNA,,,,,,,,,,-23
827 $cm^{-1}$,"Proline, hydroxyproline, tyrosine, $v_2 PO_2^{-}$ stretch of nucleic acids",,,,,,,,,,-31
828 $cm^{-1}$,"Out-of-plane ring breathing, tyrosine/O-P-O stretch DNA",Phosphodiester,O-P-O stretching DNA/RNA,Ring breathing tyrosine,,,,,,,"(23, 24)"
830 $cm^{-1}$,"Proline, hydroxyproline, tyrosine, $v_2 PO_2^{-}$ stretch of nucleic acids",C-H out of plane bending in benzoid ring,Tyrosine (Fermi resonance of ring fundamental and overtone),,,,,,,,-31
831 $cm^{-1}$,"Asymmetric O-P-O stretching, tyrosine",,,,,,,,,,-72
838 $cm^{-1}$,Deformative vibrations od amine groups,,,,,,,,,,-59
840 $cm^{-1}$,a-Anomers,Glucose-saccharide band (overlaps with acyl band),Saccharide (a),,,,,,,,-42
842 $cm^{-1}$,Glucose,,,,,,,,,,-23
847 $cm^{-1}$,"Monosaccharides (a-glucose), (C-O-C) skeletal mode","Disaccharide (maltose), (C-O-C) skeletal mode",,,,,,,,,-39
850 $cm^{-1}$,Most probably due to single bond stretching vibrations for the amino acids and valine and polysaccharides,Tyrosine (Fermi resonance of ring fundamental and overtone),,,,,,,,,-34
852 $cm^{-1}$,"Proline, hydroxyproline, tyrosine",Tyrosine ring breathing,Glycogen,,,,,,,,-31
853 $cm^{-1}$,Ring breathing mode of tyrosine & C-C stretch of proline ring,Glycogen,,,,,,,,,"(23, 24)"
854 $cm^{-1}$,"(C-O-C) skeletal mode of a-anomers(polysaccharides, pectin)",Ring breathing tyrosine (proteins),,,,,,,,,-39
855 $cm^{-1}$,"Proline, tyrosine","v(C-C), proline +δ(CCH) ring breathing, tyrosine (protein assignment and polysaccharide)","δ(CCH) phevylalanine, olefinic (protein assignment and polysaccharide)",,,,,,,,-17
855 $cm^{-1}$,"Proline, hydroxyproline, tyrosine","C-C stretching, proline (collagen assignment)",,,,,,,,,-31
856 $cm^{-1}$,"Amino acid side chain vibrations of proline & hydroxyproline, as well as a",(C-C) vibration of the collagen backbone,Hydroxyproline (collagen type I),,,,,,,,-31
859 $cm^{-1}$,"Tyrosine, collagen",,,,,,,,,,-23
860 $cm^{-1}$,Phosphate group,Phosphatidic acid,,,,,,,,,-42
867 $cm^{-1}$,"Ribose vibration, one of the distinct RNA modes(with 915 and 974 cm-1)",,,,,,,,,,-72
868 $cm^{-1}$,"C-C stretching, hypro (collagen assignment)","Monosaccharides (b-fructose), (C-O-C) skeletal mode","Disaccharide (sucrose), (C-O-C) skeletal mode","Polysaccharides, amylose","Polysaccharides, amylopectin",,,,,,-74
869 $cm^{-1}$,Proline,,,,,,,,,,-23
870 $cm^{-1}$,Most probably due to single bond stretching vibrations for the amino acids proline and valine and polysaccharides,"C-C stretching, hypro (collagen assignment)",,,,,,,,,-34
873 $cm^{-1}$,"Hydroxyproline, tryptophan",,,,,,,,,,-31
874 $cm^{-1}$,"C-C stretching, hypro (collagen assignment)",,,,,,,,,,-74
875 $cm^{-1}$,"Antisymmetric stretch vibration of choline group $N^{+} (CH_3)_3$, characteristic for phospholipids","Phosphatidylcholine, sphingomyelin",,,,,,,,,-42
876 $cm^{-1}$,"v(C-C), hydroxyproline (protein assignment)","C-C stretching, hydroxyproline (collagen assignment)",,,,,,,,,-17
877 $cm^{-1}$,$C-C-N^{+}$ symmetric stretching (lipids),C-O-C ring (carbohydrate),,,,,,,,,-73
879 $cm^{-1}$,"Hydroxyproline, tryptophan",,,,,,,,,,-31
880 $cm^{-1}$,"Tryptophan, δ(ring)",,,,,,,,,,-39
883 $cm^{-1}$,ρ(CH2) (protein assignment),,,,,,,,,,-76
884 $cm^{-1}$,"Proteins, including collagen I",,,,,,,,,,-65
885 $cm^{-1}$,"Disaccharide (cellobiose), (C-O-C) skeletal mode",,,,,,,,,,-39
889 $cm^{-1}$,Methylene rocking,,,,,,,,,,-77
890 $cm^{-1}$,Protein bands,Structural protein modes of tumors,b-anomers,,,,,,,,"(2, 3)"
891 $cm^{-1}$,Saccharide band (overlaps with acyl band),,,,,,,,,,-42
893 $cm^{-1}$,"Backbone, C-C skeletal",,,,,,,,,,-72
896 $cm^{-1}$,"Phosphodiester, Deoxyribose",,,,,,,,,,-62
898 $cm^{-1}$,"Monosaccharides (b-glucose), (C-O-C) skeletal mode","Disaccharide (maltose), (C-O-C) skeletal mode",,,,,,,,,-39
907 $cm^{-1}$,Formalin contamination peak on fixed tissues,,,,,,,,,,-27
913 $cm^{-1}$,Glucose,,,,,,,,,,-42
915 $cm^{-1}$,"Ribose vibration, one of the distinct RNA modes(with 915 and 974 $cm^{-1}$)",,,,,,,,,,-72
918 $cm^{-1}$,"Proline, hydroxyproline",Glycogen and lactic acid,,,,,,,,,-31
920 $cm^{-1}$,C-C stretch of proline ring/glucose/lactic acid,"C-C, praline ring (collagen assignment)",,,,,,,,,"(23, 24)"
931 $cm^{-1}$,Carbohydrates peak for solutions and solids,,,,,,,,,,-3
932 $cm^{-1}$,"Skeletal C-C, a-helix",,,,,,,,,,-23
933 $cm^{-1}$,"Proline, hydroxyproline, n(C-C) skeletal of collagen backbone",,,,,,,,,,-31
934 $cm^{-1}$,C-C backbone (collagen assignment),,,,,,,,,,-74
935 $cm^{-1}$,C-C stretching mode of proline & valine & protein backbone (a-helixconformation),glycogen (protein assignment),,,,,,,,,"(17, 24)"
937 $cm^{-1}$,Proline (collagen type I),"Amino acid side chain vibrations of proline and hydroxyproline, as well as a (C-C) vibration of the collagen backbone",C-C backbone (collagen assignment),Glycogen,v(C-C) residues (a-helix),"C-C stretching, a-helix (proteins)",C-O-C glycodides (carbohydrates),,,,-31
937 $cm^{-1}$,"Proline, hydroxyproline, v(C-C) skeletal of collagen backbone",,,,,,,,,,-31
938 $cm^{-1}$,C-C stretch backbone,,,,,,,,,,-23
941 $cm^{-1}$,"Skeletal modes (polysaccharides, amylose)","Skeletal modes (polysaccharides, amylopectin)",,,,,,,,,-39
950 $cm^{-1}$,Most probably due to single bond stretching vibrations for the amino acids proline and valine and polysaccharides,,,,,,,,,,-34
951 $cm^{-1}$,ns(CH3) of proteins (a-helix),,,,,,,,,,-41
956 $cm^{-1}$,Crotenoids (absent in normal tissues),,,,,,,,,,-1
957 $cm^{-1}$,"Hydroxyapatite, carotenoid, cholesterol",,,,,,,,,,-23
960 $cm^{-1}$,Symmetric stretching vibration of n1PO342,(phosphate of HA),Calcium-phosphate stretch band (high quantities of cholesterol),Quinoid ring in-plane deformation,,,,,,,-31
962 $cm^{-1}$,Phoisphate symmetric stretching vibration of calcium hydroxyapatite,,,,,,,,,,-54
963 $cm^{-1}$,Unassigned in protein assignments,"CH20 ,6 out-of-plane bending",,,,,,,,,-17
966 $cm^{-1}$,Hydroxyapatite,,,,,,,,,,-23
968 $cm^{-1}$,Lipids,,,,,,,,,,-3
970 $cm^{-1}$,Phosphate monoester groups of phosphorylated proteins & cellular nucleic acids,,,,,,,,,,-3
971 $cm^{-1}$,n(C-C) wagging,,,,,,,,,,-41
972 $cm^{-1}$,C-C backbone (collagen assignment),,,,,,,,,,-74
973 $cm^{-1}$,"r(CH3), d(CCH) olefinic (protein assignment)",,,,,,,,,,-76
974 $cm^{-1}$,"Ribose vibration, one of the distinct RNA modes(with 874 and 915 $cm^{-1}$)",,,,,,,,,,-72
980 $cm^{-1}$,C-C stretching b-sheet (proteins), =CH bending (lipids),,,,,,,,,-73
996 $cm^{-1}$,"C-O ribose, C-C",,,,,,,,,,-3
999 $cm^{-1}$,"n45(CC), observed in the spectra of single humanRBC",,,,,,,,,,-56
1000 $cm^{-1}$,Phenylalanine,Bound & free NADH,,,,,,,,,-43
1701 $cm^{-1}$,Symmetric ring breathing mode of phenylalanine,,,,,,,,,,"(23, 24)"
1002 $cm^{-1}$,C-C aromatic ring stretching,Phenylalanine,,,,,,,,,-66
1002 $cm^{-1}$,Phenylalanine,Phenylalanine (collagen assignment),,,,,,,,,-31
1003 $cm^{-1}$,"Phenylalanine, C-C skeletal",,,,,,,,,,-72
1004 $cm^{-1}$,Phenylalanine (of collagen),"ns(C-C), symmetric ring breathing, phenylalanine(protein assignment)",Phenylalanine (collagen assignment),Phenyl breathing mode,n(C-C) phenylalanine,,,,,,-31
1005 $cm^{-1}$,Phenylalanine (proteins),Proteins,Symmetric ring breathing of phenylalanine,,,,,,,,-73
1006 $cm^{-1}$,Carotenoids (absent in normal tissues),"Phenylalanine, d(ring)",,,,,,,,,-1
1008 $cm^{-1}$,Phenylalanine,"n(CO), n(CC), d(OCH), ring (polysaccharides, pectin)",,,,,,,,,-59
1016 $cm^{-1}$,Carbohydrates peak for solids,,,,,,,,,,-3
1018 $cm^{-1}$,Stretching C-O ribose,,,,,,,,,,-78
1022 $cm^{-1}$,Glycogen,,,,,,,,,,-3
1023 $cm^{-1}$,Glycogen,,,,,,,,,,-3
1025 $cm^{-1}$,Carbohydrates peak for solutions,Glycogen,,,,,,,,,-3
1029 $cm^{-1}$,O-CH3 stretching of methoxy groups,,,,,,,,,,-71
1030 $cm^{-1}$,Phenylalanine of collagen,"n(CC) skeletal, keratin (protein assignment)",,,,,,,,,-31
1031 $cm^{-1}$,"d(C-H), phenylalanine (protein assignment)",C-H in-plane bending mode of phenylalanine,Carbohydrate residues of collagen,"Phenylalanine, C-N stretching of proteins",C-H in-plane bending mode of phenylalanine,,,,,,-17
1032 $cm^{-1}$,CH2CH3 bending modes of collagen & phospholipids,C-C skeletal stretch (one of C-C ring vibration to be expected in aromatic structure of xylene),Phenylalanine of collagen,Proline (collagen assignment),,,,,,,-17
1033 $cm^{-1}$,Differences in collagen content,Phenylalanine mode,"n(CO), n(CC), n(CCO) (polysaccharides, pectin)",C-H in-plane phenylalanine (proteins),,,,,,,-3
1034 $cm^{-1}$,Phenylalanine of collagen,,,,,,,,,,-31
1035 $cm^{-1}$,Collagen,,,,,,,,,,-80
1040 $cm^{-1}$,Formalin peaks appearing in the fixed normal and tumor tissues,,,,,,,,,,-81
1043 $cm^{-1}$,Carbohydrates peak for solutions and solids,Proline (collagen assignment),,,,,,,,,-3
1044 $cm^{-1}$,n3PO342(symmetric stretching vibration of n3PO342 of HA),,,,,,,,,,-31
1048 $cm^{-1}$,Glycogen,,,,,,,,,,-65
1053 $cm^{-1}$,"C-O stretching, C-N stretching (protein)",,,,,,,,,,-72
1055 $cm^{-1}$,"In the solid, the most significant difference between the two nucleic acids is the ratio intensity of the bands in this area",,,,,,,,,,-3
1057 $cm^{-1}$,Lipids,,,,,,,,,,-3
1061 $cm^{-1}$,C-C in-plane bending (one of C-C ring vibration to be expected in aromatic structure of xylene),,,,,,,,,,-66
1063 $cm^{-1}$,C-C skeletal stretch random conformation,,,,,,,,,,-66
1064 $cm^{-1}$,Skeletal C-C stretch of lipids,Acyl chains,n(C-C) trans,,,,,,,,-23
1065 $cm^{-1}$,Palmitic acid,Fatty acid,,,,,,,,,-42
1066 $cm^{-1}$,Proline (collagen assignment),,,,,,,,,,-74
1070 $cm^{-1}$,Triglycerides (fatty acids),,,,,,,,,,-54
1071 $cm^{-1}$,Glucose,,,,,,,,,,-42
1073 $cm^{-1}$,Carbonate symmetric stretching vibration of calcium carbonate apatite,Triglycerides (fatty acids),,,,,,,,,-54
1076 $cm^{-1}$,C-C (lipid in normal tissues),Symmetric stretching vibration of n3PO342,(phosphate of HA),,,,,,,,-43
1078 $cm^{-1}$,"n(C-C) or n(C-O), phospholipids (lipid assignment)",Pronounced symmetric phosphate stretch,Phospholipids,C-C or C-O stretching mode of phospholipids,Carbohydrate peak for solids,"C-C or C-O stretch (lipid), C-C or PO2 stretch(nucleic acid)",n(CC) skeletal,n(CC) vitors (PO22 ) nucleic acid,,,-17
1080 $cm^{-1}$,Typical phospholipids,Phosphate vibrations (phosphodiester groups in nucleic acids),Collagen,,,,,,,,-43
1081 $cm^{-1}$,"n1CO232, n3PO342, n(C-C) skeletal of acyl backbone in lipid (gauche conformation)",,,,,,,,,,-31
1082 $cm^{-1}$,Carbohydrate residues of collagen,Carbohydrates peak for solutions,Nucleic acids,,,,,,,,-3
1083 $cm^{-1}$,C-N stretching mode of proteins (and lipid mode of lesser degree),C-N stretching mode of proteins (and lipid mode to a lesser degree),,,,,,,,,-24
1084 $cm^{-1}$,Phosphodiester groups in nucleic acids,,,,,,,,,,-3
1086 $cm^{-1}$,n(C-C) gauche,,,,,,,,,,-41
1087 $cm^{-1}$,"n1CO232, n3PO342, n(C-C) skeletal of acyl backbone in lipid (gauche conformation)",,,,,,,,,,-31
1090 $cm^{-1}$,Symmetric phosphate stretching vibrations,,,,,,,,,,-3
1092 $cm^{-1}$,Phosphodioxy,,,,,,,,,,-62
1093 $cm^{-1}$,Symmetric PO22 stretching vibration of the DNA backbone–phosphate backbone vibration as a marker mode for the DNA concentration C-N of proteins,,,,,,,,,,-72
1094 $cm^{-1}$,DNA,,,,,,,,,,-43
1095 $cm^{-1}$,Lipid,n(C-N),Phosphodioxy group (PO22 in nucleic acids),,,,,,,,-83
1096 $cm^{-1}$,Phosphodioxy (PO22 ) groups,,,,,,,,,,-42
1099 $cm^{-1}$,n(C-N),,,,,,,,,,-31
1100 $cm^{-1}$,C-C vibration mode of the gauche-bonded chain,,,,,,,,,,-77
1104 $cm^{-1}$,Phenylalanine (proteins),,,,,,,,,,-41
1105 $cm^{-1}$,Carbohydrates peak for solutions,,,,,,,,,,-3
1111 $cm^{-1}$,Benzoid ring deformation,,,,,,,,,,-59
1112 $cm^{-1}$,Saccharide band (overlaps with acyl band),,,,,,,,,,-42
1115 $cm^{-1}$,"CH2,6 in-plane bend and C1-Ca-Ha bend",,,,,,,,,,-71
1117 $cm^{-1}$,Glucose,,,,,,,,,,-42
1118 $cm^{-1}$,C-C stretch (breast lipid),,,,,,,,,,-23
1120 $cm^{-1}$,The strong C-O band of ribose (serves as a marker band for RNA in solutions),Carotene,,,,,,,,,-3
1122 $cm^{-1}$,"n22(porphyrin half ring), observed in the spectra of single human RBC",ns(CC) skeletal,"nsym(C-O-C) (polysaccharides, cellulose)",n(C-C) trans,,,,,,,-56
1123 $cm^{-1}$,"(C-N), proteins (protein assignment)","C-C stretching mode of lipids & protein, C-N stretch",Glucose,,,,,,,,-17
1124 $cm^{-1}$,n(C-C) skeletal of acyl backbone in lipid,(transconformation),,,,,,,,,-31
1126 $cm^{-1}$,Paraffin,n(C-C) skeletal of acyl backbone in lipid,(transconformation),C-N stretching vibration (protein vibration),"n(C-O) þn(C-C), disaccharides, sucrose",,,,,,-3
1127 $cm^{-1}$,n(C-N),,,,,,,,,,-41
1128 $cm^{-1}$,C-N stretching (proteins),C-O stretching (carbohydrates),,,,,,,,,-73
1128 $cm^{-1}$,n(C-C) skeletal of acyl backbone in lipid,(transconformation),,,,,,,,,-31
1130 $cm^{-1}$,C-C skeletal stretch transconformation,Phospholipid structural changes (trans versus gauche isomerism),Acyl chains,,,,,,,,-66
1131 $cm^{-1}$,Palmitic acid,Fatty acid,,,,,,,,,-42
1149 $cm^{-1}$,Carbohydrates peak for solids,,,,,,,,,,-3
1150 $cm^{-1}$,Glycogen,Carotenoid,,,,,,,,,-3
1152 $cm^{-1}$,"n(C-N), proteins (protein assignment)","n(C-C), carotenoid",Carotenoid peaks due to C-C & conjugated C=C band stretch,,,,,,,,-17
1153 $cm^{-1}$,Carbohydrates peak for solutions,,,,,,,,,,-3
1155 $cm^{-1}$,C-C (&C-N) stretching of proteins (also carotenoids),Glycogen,"n(C-C) Diagnostic for the presence of a carotenoid structure, most likely a cellular pigment",,,,,,,,"(23, 24)"
1156 $cm^{-1}$,"C-C, C-N stretching (protein)",,,,,,,,,,-72
1156 $cm^{-1}$,Carotenoids (absent in normal tissue),,,,,,,,,,-1
1157 $cm^{-1}$,In-plane vibrations of the conjugated =C-C=,b-carotene accumulation (C=C stretch mode),,,,,,,,,-55
1158 $cm^{-1}$,C-C/C-N stretching (proteins),,,,,,,,,,-73
1161 $cm^{-1}$,Deformative vibrations of quinoid ring,,,,,,,,,,-59
1163 $cm^{-1}$,Tyrosine (collagen type I),Tyrosine,,,,,,,,,-31
1167 $cm^{-1}$,N55Quinoid ring55N stretching and C-H in plane bending,,,,,,,,,,-59
1168 $cm^{-1}$,Lipids,n(C=C) d(COH) (lipid assignment),"n(C-C), carotenoid",,,,,,,,-3
1169 $cm^{-1}$,Tyrosine (collagen type I),Tyrosine,,,,,,,,,-31
1170 $cm^{-1}$,C-H in-plane bending mode of tyrosine,,,,,,,,,,"(23, 24)"
1171 $cm^{-1}$,Tyrosine (collagen type I),Tyrosine,"(CH) phenylalanine, tyrosine",,,,,,,,-31
1172 $cm^{-1}$,"d(C-H), tyrosine (protein assignment)",,,,,,,,,,-17
1173 $cm^{-1}$,"Cytosine, guanine",Tyrosine (collagen type I),,,,,,,,,-62
1174 $cm^{-1}$,"Tyrosine, phenylalanine, C-H bend (protein)",,,,,,,,,,-72
1175 $cm^{-1}$,"Cytosine, guanine",,,,,,,,,,-62
1176 $cm^{-1}$,C-H bending tyrosine (proteins),,,,,,,,,,-73
1177 $cm^{-1}$,"Cytosine, guanine",,,,,,,,,,-62
1180 $cm^{-1}$,"Cytosine, guanine",,,,,,,,,,-62
1184 $cm^{-1}$,"Cytosine, guanine, adenine",,,,,,,,,,-23
1200 $cm^{-1}$,Nucleic acids and phosphates,Aromatic C-O and C-N,,,,,,,,,-80
1203 $cm^{-1}$,C-C6H5 stretch mode (one of C-C ring vibration to be expected in aromatic structure of xylene),,,,,,,,,,-66
1204 $cm^{-1}$,Amide III & CH2 wagging vibrations from glycine backbone & proline side chains,Collagen,"Tyrosine, phenylalanine (IgG)",,,,,,,,-3
1205 $cm^{-1}$,Differences in collagen content,,,,,,,,,,-3
1206 $cm^{-1}$,"Hydroxyproline, tyrosine (collagen assignment)","Hydroxyproline, tyrosine",,,,,,,,,-74
1208 $cm^{-1}$,"n(C-C6H5), tryptophan, phenylalanine (protein assignment)",Tryptophan,"A,T (ring breathing modes of the DNA/RNA bases)-amide III (protein)",,,,,,,,"(17, 76)"
1209 $cm^{-1}$,Tryptophan & phenylalanine n(C-C6H5) mode,,,,,,,,,,"(23, 24, 73)"
1210 $cm^{-1}$,C-C6H5 stretching mode in tyrosine and phenylalanine,"n18 (d: CmH), observed in the spectra of single human RBC",,,,,,,,,-46
1216 $cm^{-1}$,Stretching of C-N,,,,,,,,,,-59
1220 $cm^{-1}$,C=N=C stretching,,,,,,,,,,-59
1221 $cm^{-1}$,Amide III (b-sheet),,,,,,,,,,-23
1223 $cm^{-1}$,"n(PO22 ), nucleic acids",Cellular nucleic acids,A concerted ring mode,"Proteins, including collagen I",,,,,,,-17
1224 $cm^{-1}$,Amide III (bsheet structure),,,,,,,,,,-41
1230 $cm^{-1}$,Antisymmetric phosphate stretching vibration,,,,,,,,,,-3
1234 $cm^{-1}$,A concerted ring mode,,,,,,,,,,-61
1235 $cm^{-1}$,Amide III,,,,,,,,,,-39
1237 $cm^{-1}$,Amide III & CH2 wagging vibrations from glycine backbone & proline side chains,,,,,,,,,,-3
1239 $cm^{-1}$,Amide III,,,,,,,,,,-66
1240 $cm^{-1}$,One of the two most distinct peaks for RNA (with 813 $cm^{-1}$),Differences in collagen content,Asymmetric phosphate [PO22 (asym.)] stretching modes,Collagen,,,,,,,-72
1241 $cm^{-1}$,"Asymmetric phosphate [PO22 (asym.)] stretching modes (phosphate stretching modes originate from the phosphodiester groups of nucleic acids and suggest an increase in the nucleic acids in the malignant tissues). (Generally, the PO22 groups of phospholipids do not contribute to these bands)",,,,,,,,,,-31
1242 $cm^{-1}$,Amide III (bsheet and random coils),,,,,,,,,,-41
1243 $cm^{-1}$,Amide III,"Asymmetric phosphate [PO22 (asym.)] stretching modes (phosphate stretching modes originate from the phosphodiester groups of nucleic acids and suggest an increase the in nucleic acids in the malignant tissues). (Generally, the PO22 groups of phospholipids do not contribute to these bands)",C-O4 aromatic stretch,"Amide III of collagen (CH2 wagging, C-N stretching) and pyrimidine bases","(C, T)",,,,,,-3
1245 $cm^{-1}$,Amide III,,,,,,,,,,-39
1246 $cm^{-1}$,Amide III (of collagen),,,,,,,,,,-31
1247 $cm^{-1}$,Amide III (collagen assignment),,,,,,,,,,-74
1248 $cm^{-1}$,"Guanine, cytosine (NH2)",,,,,,,,,,-62
1250 $cm^{-1}$,Amide III,,,,,,,,,,-59
1251 $cm^{-1}$,"Guanine, cytosine (NH2)",,,,,,,,,,-62
1252 $cm^{-1}$,C-O4 aromatic stretch,,,,,,,,,,-71
1254 $cm^{-1}$,Formalin contamination on fixed tissues,C-N in plane stretching,,,,,,,,,-27
1255 $cm^{-1}$,Lipids,,,,,,,,,,-3
1257 $cm^{-1}$,"A, T (ring breathing modes of the DNA/RNA bases)-amide III (protein)",,,,,,,,,,-72
1258 $cm^{-1}$,"Amide III, adenine, cytosine",,,,,,,,,,-23
1259 $cm^{-1}$,"Guanine, cytosine (NH2)",Amide III,,,,,,,,,-62
1260 $cm^{-1}$,Amide III (protein band),Protein band,Second amide,Amide III (unordered),Structural protein modes of tumors,Amide III vibration mode of structural proteins,CH2 in-plane deformation (lipids),,,,-3
1263 $cm^{-1}$,"T, A (ring breathing modes of the DNA/RNA bases)=C-H bend (protein)",,,,,,,,,,-72
1264 $cm^{-1}$,Triglycerides (fatty acids),,,,,,,,,,-54
1265 $cm^{-1}$,Amide III of collagen,Amide III (collagen assignment),Amide III,"n(CN), d(NH) amide III, a-helix, collagen(protein assignment)",,,,,,,-27
1266 $cm^{-1}$,Amide III (of proteins in the a-helix conformation),"n(CN), d(NH) amide III, a-helix, collagen, tryptophan (protein assignment)",d(=C-H) cis,Amide III (a-helix),,,,,,,"(17, 31)"
1267 $cm^{-1}$,C-H (lipid in normal tissue),,,,,,,,,,-43
1268 $cm^{-1}$,d(=C-H) (phospholipids),,,,,,,,,,-41
1269 $cm^{-1}$,Amide III (collagen assignment),,,,,,,,,,-74
1270 $cm^{-1}$,Typical phospholipids,Amide III band in proteins,"Has traditionally been attributed to Amide III, a",C-N stretch from alpha helix proteins,C=C groups in unsaturated fatty acids,,,,,,-43
1273 $cm^{-1}$,CHa0 rocking,,,,,,,,,,-71
1275 $cm^{-1}$,Amide III,,,,,,,,,,-39
1278 $cm^{-1}$,"Proteins, including collagen I",,,,,,,,,,-65
1279 $cm^{-1}$,Amide III (a-helix),,,,,,,,,,-23
1280 $cm^{-1}$,Amide III & CH2 wagging vibrations from glycine backbone & proline side chains,Collagen,Nucleic acids and phosphates,,,,,,,,-3
1283 $cm^{-1}$,Differences in collagen content,,,,,,,,,,-3
1287 $cm^{-1}$,Cytosine,,,,,,,,,,-62
1288 $cm^{-1}$,Phosphodiester groups in nucleic acids,,,,,,,,,,-3
1290 $cm^{-1}$,Cytosine,,,,,,,,,,-62
1291 $cm^{-1}$,Cytosine,,,,,,,,,,-62
1294 $cm^{-1}$,Methylene twisting,,,,,,,,,,-77
1296 $cm^{-1}$,CH2 deformation,,,,,,,,,,-66
1298 $cm^{-1}$,Palmitic acid,Acyl chains,Fatty acids,,,,,,,,-42
1299 $cm^{-1}$,CH2 deformation (lipid),,,,,,,,,,-23
1300 $cm^{-1}$,-(CH2)n- in-plane twist vibration (lipid band),Fatty acids,"d(CH2)-lipids, fatty acids",CH2 twisting modes,"d(CH), t(CH2) (a-helix)",CH2 twisting (lipids),CH2 twisting and wagging (lipids),,,,-34
1301 $cm^{-1}$,Assign from Parker (lipid in normal tissue),Triglycerides (fatty acids),"t(CH2), lipids",C-H vibration (lipids),Lipids,CH2 twisting (lipids),,,,,-43
1302 $cm^{-1}$,"d(CH2) twisting, wagging, collagen (protein assignment)","d(CH2) twisting, wagging, phospholipids (lipid assignment)",CH3/CH2 twisting or bending mode of lipid/ collagen,Amide III (protein),Methylene bending mode (a combination of proteins & phospholipids,,,,,,"(17, 76)"
1303 $cm^{-1}$,"CH3, CH2 twisting (collagen assignment)",,,,,,,,,,-74
1304 $cm^{-1}$,"CH2 deformation (lipid), adenine, cytosine",,,,,,,,,,-23
1307 $cm^{-1}$,CH3/CH2 twisting or bending mode of lipid/ collagen,"CH3/CH2 twisting, wagging &/or bending mode of collagens & lipids",,,,,,,,,-31
1308 $cm^{-1}$,C-N asymmetric stretching in asymmetric aromatic amines,,,,,,,,,,-59
1309 $cm^{-1}$,CH3/CH2 twisting or bending mode of lipid/ collagen,"CH3/CH2 twisting, wagging &/or bending mode of collagens & lipids",,,,,,,,,-31
1313 $cm^{-1}$,CH3CH2 twisting mode of collagen/lipid,,,,,,,,,,"(23, 24)"
1314 $cm^{-1}$,CH3CH2 twisting mode of collagen,,,,,,,,,,-45
1315 $cm^{-1}$,"Guanine (B,Z-marker)",,,,,,,,,,-62
1317 $cm^{-1}$,"Guanine (B,Z-marker)",,,,,,,,,,-62
1318 $cm^{-1}$,G (ring breathing modes of the DNA/RNA bases)-C-H deformation (protein),Amide III (a-helix),,,,,,,,,-72
1319 $cm^{-1}$,"Guanine (B,Z-marker)",CH3CH2 twisting (collagen assignment),,,,,,,,,-62
1320 $cm^{-1}$,G (DNA/RNA),CH deformation (proteins),,,,,,,,,-73
1321 $cm^{-1}$,Amide III (a-helix),,,,,,,,,,-41
1322 $cm^{-1}$,"CH3CH2 twisting, collagen",CH3CH2 twisting and wagging in collagen,CH3CH2 deforming modes of collagen and nucleic acids,,,,,,,,-17
1323 $cm^{-1}$,"Guanine (B,Z marker)",,,,,,,,,,-62
1324 $cm^{-1}$,CH3CH2 wagging mode present in collagen & purine bases of DNA,,,,,,,,,,-46
1330 $cm^{-1}$,Typical phospholipids,Region associated with DNA & phospholipids,Collagen,Nucleic acids and phosphates,,,,,,,-43
1332 $cm^{-1}$,-C stretch of Phenyl (1) and C3-C3 stretch and,,,,,,,,,,-71
1333 $cm^{-1}$,Guanine,,,,,,,,,,-62
1335 $cm^{-1}$,"CH3CH2 wagging, collagen (protein assignment)","CH3CH2 wagging, nucleic acid",CH3CH2 wagging mode of collagen & polynucleotide chain (DNA purine bases),CH3CH2 twisting and wagging in collagen,Cellular nucleic acids,CH3CH2 deforming modes of collagen and nucleic acids,An unassigned mode,,,,-17
1335 $cm^{-1}$,Guanine,,,,,,,,,,-62
1336 $cm^{-1}$,Polynucleotide chain (DNA purine bases),"d(CH3) d(CH2) twisting, collagen (protein assignment)",,,,,,,,,-23
1337 $cm^{-1}$,Amide III & CH2 wagging vibrations from glycine backbone & proline side chain,"A, G (ring breathing modes in the DNA bases)-",C-H deformation (protein),Tryptophan,"CH2/CH3 wagging, twisting &/or bending mode of collagens & lipids","CH2/CH3 wagging & twisting mode in collagen, nucleic acid & tryptophan",,,,,-3
1339 $cm^{-1}$,C-C stretch of phenyl (1) and C3-C3 stretch and,C5-O5 bend stretch CHa in-plane bend,,,,,,,,,-86
1340 $cm^{-1}$,Nucleic acid mode,Differences in collagen content,Nucleic acid modes indicating the nucleic acid content in tissues,,,,,,,,-1
1342 $cm^{-1}$,G (DNA/RNA),CH deformation (proteins and carbohydrates),,,,,,,,,-73
1343 $cm^{-1}$,"CH3, CH2 wagging (collagen assignment)",Glucose,,,,,,,,,-74
1344 $cm^{-1}$,"d(CH), residual vibrations",,,,,,,,,,-41
1347 $cm^{-1}$,An unassigned mode,,,,,,,,,,-61
1350 $cm^{-1}$,Carbon particle,,,,,,,,,,-25
1355 $cm^{-1}$,"Guanine (N7, B,Z-marker)",,,,,,,,,,-62
1359 $cm^{-1}$,Tryptophan,,,,,,,,,,-31
1360 $cm^{-1}$,Tryptophan,,,,,,,,,,-39
1361 $cm^{-1}$,"Guanine (N7, B,Z-marker)",,,,,,,,,,-62
1365 $cm^{-1}$,Tryptophan,,,,,,,,,,-31
1367 $cm^{-1}$,ns (CH3) (phosphplipids),,,,,,,,,,-41
1369 $cm^{-1}$,"Guanine, TRP (protein), porphyrins, lipids",,,,,,,,,,-23
1370 $cm^{-1}$,The most pronounced saccharide band,,,,,,,,,,-42
1373 $cm^{-1}$,"T, A, G (ring breathing modes of the DNA/RNA bases)",,,,,,,,,,-72
1378 $cm^{-1}$,Paraffin,,,,,,,,,,-3
1379 $cm^{-1}$,dCH3 symmetric (lipid assignment),,,,,,,,,,-76
1386 $cm^{-1}$,CH3 band,,,,,,,,,,-23
1391 $cm^{-1}$,CH rocking,,,,,,,,,,-71
1392 $cm^{-1}$,"C-N stretching, in quinoid ring-benzoid ring-quinoid ring",,,,,,,,,,-59
1393 $cm^{-1}$,CH rocking,,,,,,,,,,-71
1398 $cm^{-1}$,C=O symmetric stretch,CH2 deformation,,,,,,,,,-66
1400 $cm^{-1}$,NH in-plane deformation,,,,,,,,,,-61
1401 $cm^{-1}$,Bending modes of methyl groups (one of vibrational modes of collagen),,,,,,,,,,-3
1406 $cm^{-1}$,ns COO2 (IgG),,,,,,,,,,-41
1409 $cm^{-1}$,ns COO2 (IgG),,,,,,,,,,-41
1417 $cm^{-1}$,C=C stretching in quinoid ring,,,,,,,,,,-75
1421 $cm^{-1}$,"Deoxyribose, (B,Z-marker)","A, G (ring breathing modes of the DNA/RNA bases)",,,,,,,,,-62
1422 $cm^{-1}$,"Deoxyribose, (B,Z-marker)",,,,,,,,,,-62
1423 $cm^{-1}$,NH in-plane deformation,,,,,,,,,,-61
1424 $cm^{-1}$,"Deoxyribose, (B,Z-marker)",,,,,,,,,,-62
1436 $cm^{-1}$,CH2 scissoring,,,,,,,,,,-66
1437 $cm^{-1}$,CH2 (lipids in normal tissue),CH2 deformation (lipid),Acyl chains,,,,,,,,-43
1439 $cm^{-1}$,CH2 bending mode in normal tissue,"CH3, CH2 deformation (collagen assignment)",CH2 scissoring,CH2 deformation in normal breast tissue,CH2 deformation,CH2,d(CH2) (lipids),,,,-18
1440 $cm^{-1}$,CH2 and CH3 deformation vibrations,CH deformation,"Cholesterol, fatty acid band",d(CH2) (lipids),CH2 bending (lipids),,,,,,-2
1441 $cm^{-1}$,CH2 scissoring & CH3 bending in lipids,Cholesterol & its esters,C-H bending mode of accumulated lipids in the vecrotic core of the atheromatous plaque,,,,,,,,-46
1442 $cm^{-1}$,Fatty acids,CH2 bending mode,Due to changes in chemical environment of the,CH2 bending mode,"CH3, CH2 deformation (collagen assignment)",Triglycerides (fatty acids),,,,,"(2, 3)"
1443 $cm^{-1}$,CH2 deformation (lipids and proteins),Triglycerides (fatty acids),,,,,,,,,-23
1444 $cm^{-1}$,Cholesterol band (associated to atherosclerotic spectrum),"n28 (Ca Cm), observed in the spectra of single human RBC","d(CH2), lipids, fatty acids",,,,,,,,-54
1445 $cm^{-1}$,"d(CH2), d(CH3), collagen (protein assignment)","d(CH2), d(CH3), scissoring, phospholipids (lipid assignment)",CH2CH3 bending modes of collagen & phospholipids,CH2 scissoring,CH2 bending mode of proteins & lipids-being of diagnostic significance,CH2 bending and scissoring modes of collagen and phospholipids,Methylene bending mode (a combination of proteins & phospholipids),CH2 bending modes,CH2 deformation,,"(17, 76)"
1446 $cm^{-1}$,CH2 bending mode of proteins & lipids,CH2 deformation,,,,,,,,,"(23, 24)"
1447 $cm^{-1}$,CH2 bending mode of proteins & lipids,CH2 deformation (protein vibration)-A marker for protein concentration,das(CH3) d(CH2) of proteins,,,,,,,,-66
1448 $cm^{-1}$,CH2CH3 deformation,CH2 deformation,CH2,Collagen,,,,,,,-31
1449 $cm^{-1}$,C-H vibration (proteins),C-H vibration (lipids),Lipids,,,,,,,,-73
1450 $cm^{-1}$,CH2 bending,CH2 bending mode in malignant tissues,Bending modes of methyl groups (one of vibrational modes of collagen),Methylene deformation in biomolecules,CH2 deformation in IDC breast tissue,"C-H deformation bands (CH functional groups in lipids, amino acids side chains of the proteins and carbohydrates)",d(C-H),CH2 bending (proteins),,,"(32, 37, 43)"
1451 $cm^{-1}$,CH2CH3 deformation,CH2CH3 deformation (collagen assignment),,,,,,,,,-41
1453 $cm^{-1}$,Protein bands,Umbrella mode of methoxyl (4),C-H bending mode of structural proteins,,,,,,,,"(2, 3)"
1453 $cm^{-1}$,Structural protein modes of tumors,,,,,,,,,,-22
1454 $cm^{-1}$,CH2 stretching/CH3 assymetric deformation,Overlapping asymmetric CH3 bending & CH2,"scissoring (is associated with elastin, collagen, & phospholipids)",Collagen & phospholipids,,,,,,,-66
1455 $cm^{-1}$,Deoxyribose,d(CH2),,,,,,,,,-62
1457 $cm^{-1}$,Deoxyribose,,,,,,,,,,-62
1458 $cm^{-1}$,Nucleic acid modes,Nucleic acid modes indicating the nucleic acid content in tissues,,,,,,,,,-1
1459 $cm^{-1}$,Deoxyribose,d(CH2),,,,,,,,,-62
1460 $cm^{-1}$,CH2/CH3 deformation of lipids & collagen,"CH2 wagging, CH2/CH3 deformation",Deoxyribose,,,,,,,,-31
1462 $cm^{-1}$,"dCH2, Disaccharides, sucrose",,,,,,,,,,-39
1463 $cm^{-1}$,"Fermi interaction d(CH2), & g(CH2)",,,,,,,,,,-41
1465 $cm^{-1}$,Lipids,,,,,,,,,,-3
1470 $cm^{-1}$,C=N stretching,,,,,,,,,,-59
1472 $cm^{-1}$,Paraffin,,,,,,,,,,-3
1485 $cm^{-1}$,"G, A (ring breathing modes in the DNA bases)",Nucleotide acid purine bases (guanine and adenine),,,,,,,,,-72
1487 $cm^{-1}$,Guanine (N7),,,,,,,,,,-62
1488 $cm^{-1}$,Collagen,,,,,,,,,,-26
1490 $cm^{-1}$,DNA,Formalin peak appearing in the fixed normal and tumor tissues,,,,,,,,,-43
1491 $cm^{-1}$,C-N stretching vibration coupled with the in-plane,C-H bending in amino radical cations,,,,,,,,,-66
1492 $cm^{-1}$,Formalin peak appearing in the fixed normal and tumor tissues,,,,,,,,,,-27
1499 $cm^{-1}$,C=C stretching in benzenoid ring,,,,,,,,,,-59
1506 $cm^{-1}$,N55H bending,,,,,,,,,,-59
1508 $cm^{-1}$,Cytosine,,,,,,,,,,-62
1510 $cm^{-1}$,A (ring breathing modes in the DNA bases),,,,,,,,,,-72
1513 $cm^{-1}$,Cytosine,,,,,,,,,,-62
1514 $cm^{-1}$,"n(C=C) diagnostic for the presence of a carotenoid structure, most likely a cellular pigment",n(C=C) carotenoid,,,,,,,,,-59
1515 $cm^{-1}$,Cytosine,,,,,,,,,,-62
1517 $cm^{-1}$,b-carotene accumulation (C-C stretch mode),,,,,,,,,,-54
1518 $cm^{-1}$,"n(C=C), porphyrin",Carotenoid peaks due to C-C & conjugated C=C band stretch,,,,,,,,,-17
1520 $cm^{-1}$,Carotene,,,,,,,,,,-43
1524$cm^{-1}$,Carotenoid (absent in normal tissues),,,,,,,,,,-1
1525 $cm^{-1}$,In-plane vibrations of the conjugated -C=C-,,,,,,,,,,-55
1528 $cm^{-1}$,Carotenoid (absent in normal tissues),,,,,,,,,,-1
1543 $cm^{-1}$,"n11 (Cb Cb), observed in the spectra of single human RBC",,,,,,,,,,-59
1544 $cm^{-1}$,Amide II,,,,,,,,,,-3
1545 $cm^{-1}$,C6-H deformation mode,,,,,,,,,,-61
1546 $cm^{-1}$,Bound & free NADH,,,,,,,,,,-43
1548 $cm^{-1}$,Tryptophan,,,,,,,,,,"(23, 24)"
1552 $cm^{-1}$,Tryptophan,"n(C=C), tryptophan (protein assignment)","n(C=C), porphyrin",,,,,,,,-17
1554 $cm^{-1}$,Amide II,,,,,,,,,,-66
1558 $cm^{-1}$,Tryptophan,n(CN) and d(NH) amide II (protein assignment),n(C=C) porphyrin,"Tyrosine, amide II, COO2",,,,,,,-31
1560 $cm^{-1}$,Tryptophan,,,,,,,,,,-45
1573 $cm^{-1}$,"Guanine, adenine, TRP (protein)",,,,,,,,,,-23
1575 $cm^{-1}$,"Ring breathing modes in the DNA basesG, A (ring breathing modes of the DNA/RNA bases)",,,,,,,,,,-72
1576 $cm^{-1}$,Nucleic acid mode,Nucleic acid modes indicating the nucleic acid content in tissues,Guanine (N3),,,,,,,,-1
1577 $cm^{-1}$,Bound & free NADH,IgG,,,,,,,,,-43
1578 $cm^{-1}$,Guanine (N3),"Guanine, adenine",,,,,,,,,-62
1579 $cm^{-1}$,Pyrimidine ring (nucleic acids) & heme protein,,,,,,,,,,"(23, 24)"
1580 $cm^{-1}$,C-C stretching,,,,,,,,,,-59
1582 $cm^{-1}$,"d(C=C), phenylalanine",Phenylalanine,,,,,,,,,-17
1583 $cm^{-1}$,C=C bending mode of phenylalanine,,,,,,,,,,-45
1585 $cm^{-1}$,C=C olefinic stretch,C=C olefinic stretch (protein assignment),,,,,,,,,-66
1586 $cm^{-1}$,"Phenylalanine, hydroxyproline",,,,,,,,,,-31
1590 $cm^{-1}$,Carbon particles,,,,,,,,,,-25
1593 $cm^{-1}$,C=N and C=C stretching in quinoid ring,,,,,,,,,,-59
1602 $cm^{-1}$,Phenylalanine,"d(C=C), phenylalanine (protein assignment)",,,,,,,,,-17
1603 $cm^{-1}$,C=C in-plane bending mode of phenylalanine & tyrosine,Ring C-C stretch of phenyl (1),,,,,,,,,"(23, 24)"
1605 $cm^{-1}$,Cytosine (NH2),Ring C-C stretch of phenyl (1),"Phenylalanine, tyrosine, C=C (protein)",,,,,,,,-62
1607 $cm^{-1}$,"Tyrosine, phenylalanine ring vibration","C=C phenylalanine, tyrosine",,,,,,,,,-41
1608 $cm^{-1}$,Cytosine (NH2),,,,,,,,,,-62
1610 $cm^{-1}$,Cytosine (NH2),,,,,,,,,,-62
1614 $cm^{-1}$,Tyrosine,,,,,,,,,,-31
1615 $cm^{-1}$,"Tyrosine, tryptophan, C=C (protein)",,,,,,,,,,-72
1616 $cm^{-1}$,C=C stretching mode of tyrosine & tryptophan,,,,,,,,,,"(23, 24)"
1617 $cm^{-1}$,"n(CaCb), observed in the spectra of single human RBC","C=C phenylalanine, tyrosine",,,,,,,,,-59
1618 $cm^{-1}$,"n(C=C), tryptophan (protein assignment)","n(C=C), porphyrin",Tryptophan,Bound & free NADH,,,,,,,-17
1620 $cm^{-1}$,"n(C=C), porphyrin",,,,,,,,,,-76
1622 $cm^{-1}$,Tryptophan,Tryptophan &/or b-sheet,Tryptophan (IgG),,,,,,,,-31
1628 $cm^{-1}$,Ca=Ca stretch,Amide C=O stretching absorption for the b-form polypeptide films,,,,,,,,,-71
1634 $cm^{-1}$,Amide I,,,,,,,,,,-3
1635 $cm^{-1}$,Differences in collagen content,,,,,,,,,,-3
1637 $cm^{-1}$,Amide I band,Amide I band (both a-helix and b-structure),,,,,,,,,-66
1638 $cm^{-1}$,Intermolecular bending mode of water,Very weak and broad n2 mode of water,,,,,,,,,-23
1645 $cm^{-1}$,Amide I (a-helix),,,,,,,,,,-23
1647 $cm^{-1}$,Random coils,,,,,,,,,,-41
1650 $cm^{-1}$,(C=C) Amide I,Protein amide I absorption,Amide I,,,,,,,,-43
1652 $cm^{-1}$,Lipid (C=C stretch),,,,,,,,,,-23
1653 $cm^{-1}$,Carbonyl stretch (C=O),,,,,,,,,,-61
1654 $cm^{-1}$,Due to a combination of C=C stretch & the amide I bands þ amide I,Amide I (collagen assignment),C=C stretch,"Amide I (C=O stretching mode of proteins, a-helix conformation)/C=C lipid stretch",Collagen,,,,,,"(3, 18)"
1655 $cm^{-1}$,Amide I (of collagen),C=C (of lipids in normal tissues; not that of amide I),"n(C=O) amide I, a-helix, collagen","Amide I (C=O stretching mode of proteins, a-helix conformation)/C=C lipid stretch",In normal tissues: C=C of lipids (& not amide I),C=O stretching of collagen & elastin (protein assignment),Amide I of proteins,Amide I (collagen assignment),Amide I (typically associated with collagen),Amide I (a-helix),-31
1656 $cm^{-1}$,C=C (lipids),Amide I (proteins),,,,,,,,,-41
1656 $cm^{-1}$,n(C=C)cis (phospholipids),,,,,,,,,,-41
1657 $cm^{-1}$,Fatty acids,Amide I (collagen assignment),Triglycerides (fatty acids),,,,,,,,"(2, 3)"
1658 $cm^{-1}$,Amide I (a-helix),,,,,,,,,,-41
1659 $cm^{-1}$,Amide I vibration (collagen like proteins),Amide C=O stretching absorption for the a-folded polypeptide films,Cholesterol band (associated to atherosclerotic spectrum),,,,,,,,"(25, 81)"
1660 $cm^{-1}$,Amide I band,Amide I,Amide I vibration mode of structural proteins,"n(C=C) cis, lipids, fatty acids",C=C groups in unsaturated fatty acids,Ceramide backbone,Amide I (protein),Lipids,,,-59
1662 $cm^{-1}$,Nucleic acid modes,Nucleic acid modes indicating the nucleic acid content in tissues,,,,,,,,,-1
1663 $cm^{-1}$,DNA,"Proteins, including collagen I",,,,,,,,,-65
1664 $cm^{-1}$,Amide I,,,,,,,,,,-31
1665 $cm^{-1}$,Amide I (of collagen),Amide I,Amide I (collagen assignment),Amide I (disordered structure-solvated),ns(C=O),,,,,,-31
1666 $cm^{-1}$,Collagen,,,,,,,,,,-26
1667 $cm^{-1}$,Protein band,C=C stretching band,a-helical structure of amide I,Structural protein modes of tumors,Carbonyl stretch (C=O),,,,,,"(2, 3)"
1669 $cm^{-1}$,Carbonyl stretch (C=O),Cholesterol ester,,,,,,,,,-61
1670 $cm^{-1}$,Amide I,C=C stretching vibrations,Cholesterol & its esters,C=C stretching vibration mode of steroid ring,Amide I (anti-parallel b-sheet),"n(C=C) trans, lipids, fatty acids",,,,,-32
1672 $cm^{-1}$,C=C stretch,Amide I band (C=O stretch coupled to a N-H bending),Ceramide,,,,,,,,-71
1673 $cm^{-1}$,Amide I,,,,,,,,,,-66
1674 $cm^{-1}$,C=C stretch vibration,Cholesterol,,,,,,,,,-42
1676 $cm^{-1}$,Amide I (b-sheet),,,,,,,,,,-41
1678 $cm^{-1}$,Bound & free NADH,,,,,,,,,,-43
1682 $cm^{-1}$,One of absorption positions for the C=O stretching vibrations of cortisone,,,,,,,,,,-6
1685 $cm^{-1}$,Amide I (disordered structure; non hydrogen bonded),,,,,,,,,,-39
1697 $cm^{-1}$,Amide I (turns and bands),,,,,,,,,,-41
1710 $cm^{-1}$,One of absorption positions for the C=O stretching vibrations of cortisone,,,,,,,,,,-6
1729 $cm^{-1}$,Ester group,,,,,,,,,,-42
1732 $cm^{-1}$,One of absorption positions for the C=O stretching vibrations of cortisone,,,,,,,,,,-6
1734 $cm^{-1}$,"Esters, C=O stretching (lipids)",,,,,,,,,,-68
1736 $cm^{-1}$,C=O ester (lipids),,,,,,,,,,-73
1738 $cm^{-1}$,Lipids,,,,,,,,,,-3
1739 $cm^{-1}$,Ester group,,,,,,,,,,-42
1740 $cm^{-1}$,Ester group,,,,,,,,,,-42
1744 $cm^{-1}$,Carbonyl feature of lipid spectra,Ester group,,,,,,,,,-29
1745 $cm^{-1}$,Phospholipids,"n(C=O), phospholipids (lipid assignment)","n(C=O), phospholipids",Triglycerides (fatty acids),"n(C=O) (polysaccharides, pectin)",,,,,,-17
1746 $cm^{-1}$,C=O stretch (lipid),,,,,,,,,,-23
1747 $cm^{-1}$,"C=O, lipids",,,,,,,,,,-41
1750 $cm^{-1}$,C=O (lipid in normal tissues),"n(C=C) lipids, fatty acids",,,,,,,,,-43
1754 $cm^{-1}$,C=O (lipid),,,,,,,,,,-41
1756 $cm^{-1}$,One of absorption positions for the C=O stretching vibrations of cortisone,,,,,,,,,,-6
2095 $cm^{-1}$,"C-N stretch (one of three thiocyanate peaks, with 445 & 735 $cm^{-1}$)",,,,,,,,,,-61
2225 $cm^{-1}$,C;N,,,,,,,,,,-16
2343 $cm^{-1}$,Asymmetric stretching band of CO22 hydrates,,,,,,,,,,-78
2850 $cm^{-1}$,"ns CH2, lipids, fatty acids",CH2 symmetric,,,,,,,,,
2883 $cm^{-1}$,CH2 asymmetric stretch of lipids and proteins,,,,,,,,,,-68
2885 $cm^{-1}$,"ns CH3, lipids, fatty acids",,,,,,,,,,-39
2886 $cm^{-1}$,Fermi resonance CH2 stretch,,,,,,,,,,-42
2900 $cm^{-1}$,CH stretch of lipids and proteins,,,,,,,,,,-68
2893 $cm^{-1}$,CH3 symmetric stretch,,,,,,,,,,-92
2900 $cm^{-1}$,CH stretch,,,,,,,,,,-91
2915 $cm^{-1}$,"CH band of lipids and proteins (the lipid band has a tendency towards higher levels of energy, such as 2855 $cm^{-1}$, while the protein band’s tendency is toward lower energy levels like 2920 $cm^{-1}$)",,,,,,,,,,-29
2928 $cm^{-1}$,Symmetric CH3 stretch,Due primarily to protein,,,,,,,,,-29
2933 $cm^{-1}$,CH2 asymmetric stretch,,,,,,,,,,-68
2935 $cm^{-1}$,Chain end CH3 symmetric band,,,,,,,,,,-42
2940 $cm^{-1}$,C-H vibrations in lipids & proteins,"nas CH2, lipids, fatty acids",,,,,,,,,-33
2956 $cm^{-1}$,CH3 asymmetric stretch,,,,,,,,,,-93
2960 $cm^{-1}$,Out-of-plane chain end antisymmetric CH3 stretch band,,,,,,,,,,-42
2970 $cm^{-1}$,"nas CH3, lipids, fatty acids",Cholecterol and cholesterol ester,,,,,,,,,-39
2973 $cm^{-1}$,Asymmetric stretching of methoxy (4),,,,,,,,,,-71
3000 $cm^{-1}$,CH stretching,,,,,,,,,,-85
3008 $cm^{-1}$,"nas(=C-H), lipids, fatty acids",,,,,,,,,,-39
3010 $cm^{-1}$,Unsaturated =CH stretch,,,,,,,,,,-42
3015 $cm^{-1}$,n=CH of lipids,,,,,,,,,,-71
3232 $cm^{-1}$,O–H & N-H stretching vibrations (hydrogen bonding network may vary in the malignant tissues),,,,,,,,,,-53
3300 $cm^{-1}$,Attributed to OH stretch,,,,,,,,,,-42
3329 $cm^{-1}$,N-H vibration of proteins,,,,,,,,,,-36
3550 $cm^{-1}$,O-H stretching vibration,,,,,,,,,,-94
